MIMAT0004502,5.213207229
MIMAT0004501,3.205898718
MIMAT0002844,4.870756765
MIMAT0002843,3.983807638
MIMAT0002824,7.336867333
MIMAT0002823,0.998772697
MIMAT0002807,7.050310443
MIMAT0002806,6.531829362
MIMAT0001635,6.613906602
MIMAT0001631,10.80685876
MIMAT0005890,0.998772697
MIMAT0005889,2.345794808
MIMAT0005873,4.628168372
MIMAT0005872,5.204454924
MIMAT0004591,0.998772697
MIMAT0004590,0.998772697
MIMAT0000232, MIMAT0004563,0.998772697
MIMAT0004562,2.929326493
MIMAT0004518,0.998772697
MIMAT0004517,0.998772697
MIMAT0016907,11.5713098
MIMAT0016901,7.757972283
MIMAT0014994,0.998772697
MIMAT0016913,0.998772697
MIMAT0011777,0.998772697
MIMAT0011775,5.431310255
MIMAT0005924,0.998772697
MIMAT0005923,3.105812715
MIMAT0005906,0.998772697
MIMAT0005905,7.212890021
MIMAT0018939,3.629915404
MIMAT0019949,0.998772697
MIMAT0019764,0.998772697
MIMAT0019200,0.998772697
MIMAT0019837,2.740155546
MIMAT0019204,0.998772697
MIMAT0019811,0.998772697
MIMAT0019358,0.998772697
MIMAT0015068,4.451883947
MIMAT0015066,0.998772697
MIMAT0019017,6.331539877
MIMAT0019064,11.22037652
MIMAT0021125,0.998772697
MIMAT0021124,0.998772697
MIMAT0021079,0.998772697
MIMAT0021046,0.998772697
MIMAT0019037,0.998772697
MIMAT0019981,0.998772697
MIMAT0019982,0.998772697
MIMAT0019980,0.998772697
MIMAT0019825,0.998772697
MIMAT0019725,6.028477569
MIMAT0026555,5.785646856
MIMAT0026554,2.932936266
MIMAT0026472,0.998772697
MIMAT0022700,0.998772697
MIMAT0025846,8.810761172
MIMAT0025845,0.998772697
MIMAT0022282,0.998772697
MIMAT0022281,0.998772697
MIMAT0022266,0.998772697
MIMAT0022265,0.998772697
MIMAT0027560,5.082642576
MIMAT0027559,2.93653703
MIMAT0027544,7.507012998
MIMAT0027543,0.998772697
MIMAT0027528,0.998772697
MIMAT0027527,4.83474476
MIMAT0027512,7.373149988
MIMAT0027511,8.016504627
MIMAT0026617,0.998772697
MIMAT0026616,0.998772697
MIMAT0032116,6.556126263
MIMAT0031892,3.155352147
MIMAT0031016,7.252113342
MIMAT0031015,2.366711223
MIMAT0031000,9.399354494
MIMAT0030999,12.75478425
MIMAT0030984,0.998772697
MIMAT0030983,0.998772697
MIMAT0002861,5.628345268
MIMAT0002860, MIMAT0006778,5.364050547
MIMAT0000264,4.756084561
MIMAT0000263,0.998772697
MIMAT0000231,7.22214939
MIMAT0000228,5.867189574
MIMAT0000093,0.998772697
MIMAT0000092,8.394598427
MIMAT0000076,6.242188728
MIMAT0000075,4.411968007
MIMAT0004676,5.10172933
MIMAT0004675,0.998772697
MIMAT0004607,1.156689524
MIMAT0004606,4.800778196
MIMAT0003233,0.998772697
MIMAT0003232,3.927390318
MIMAT0003215,0.998772697
MIMAT0003214,5.365386918
MIMAT0002878,5.601064767
MIMAT0002877,5.876895973
MIMAT0007889,6.59028532
MIMAT0007888,7.011287179
MIMAT0006790,6.455598063
MIMAT0006789,0.998772697
MIMAT0005942,6.232003705
MIMAT0005941,0.998772697
MIMAT0004762,8.569625053
MIMAT0004761,6.397885843
MIMAT0004694,7.362634375
MIMAT0004693,4.573652276
MIMAT0018072,7.042751326
MIMAT0018071,0.998772697
MIMAT0017996,6.700700259
MIMAT0017995,0.998772697
MIMAT0017950,0.998772697
MIMAT0017392,2.246259742
MIMAT0016921,0.998772697
MIMAT0015054,4.971823224
MIMAT0014999,4.431425499
MIMAT0016899,0.998772697
MIMAT0018950,6.793886737
MIMAT0019052,7.906268316
MIMAT0019966,4.300476662
MIMAT0019767,5.003749067
MIMAT0019826,2.867868274
MIMAT0019818,0.998772697
MIMAT0018954,4.722162516
MIMAT0018938,0.998772697
MIMAT0019976,6.571099575
MIMAT0019961,0.998772697
MIMAT0019828,5.017539937
MIMAT0019714,6.919626553
MIMAT0022494,0.998772697
MIMAT0022493,6.187459054
MIMAT0022478,0.998772697
MIMAT0022476,4.100270664
MIMAT0022298,0.998772697
MIMAT0022297,3.776147172
MIMAT0019926,2.445947195
MIMAT0019878,11.98793056
MIMAT0018986,6.580164772
MIMAT0019962,6.097931327
MIMAT0027368,3.198418347
MIMAT0027367,4.368770235
MIMAT0027345,3.553902918
MIMAT0027103,0.998772697
MIMAT0026743,0.998772697
MIMAT0026742,4.106501571
MIMAT0026641,0.998772697
MIMAT0026640,3.205898718
MIMAT0022698,7.000589011
MIMAT0022697,5.340940193
MIMAT0027624,5.965743659
MIMAT0027623,8.771483649
MIMAT0027608,0.998772697
MIMAT0027607,4.737475152
MIMAT0027592,5.777565016
MIMAT0027591,5.431629576
MIMAT0027576,5.029607982
MIMAT0027575,8.825919652
MIMAT0004498,6.170189515
MIMAT0004497,5.76044652
MIMAT0002840,0.998772697
MIMAT0002839,0.998772697
MIMAT0002820,1.826985869
MIMAT0002819,6.818148506
MIMAT0002178,5.683491306
MIMAT0002177,7.28807223
MIMAT0001627,4.773450661
MIMAT0001625,5.237425444
MIMAT0005885,0.998772697
MIMAT0005884,0.998772697
MIMAT0005869,0.998772697
MIMAT0005868,0.998772697
MIMAT0004587,2.170936946
MIMAT0004586,0.998772697
MIMAT0004559,0.998772697
MIMAT0004558,0.998772697
MIMAT0004514,7.930988335
MIMAT0004513,5.531255177
MIMAT0015049,6.103806841
MIMAT0015086,0.998772697
MIMAT0016920,2.266431336
MIMAT0016908,0.998772697
MIMAT0016862,0.998772697
MIMAT0015027,6.162081218
MIMAT0005920,5.149983308
MIMAT0005919,0.998772697
MIMAT0005902,3.477373106
MIMAT0005901,7.308542881
MIMAT0019021,5.561560037
MIMAT0018995,0.998772697
MIMAT0019707,6.927178673
MIMAT0019977,0.998772697
MIMAT0019722,6.794507052
MIMAT0019846,4.295031124
MIMAT0019943,3.603528427
MIMAT0019026,0.998772697
MIMAT0015033,0.998772697
MIMAT0015007,0.998772697
MIMAT0019008,5.151619295
MIMAT0019053,13.58285186
MIMAT0021121,5.418719059
MIMAT0021120,6.628186587
MIMAT0021043,6.614328331
MIMAT0021042,0.998772697
MIMAT0019361,0.998772697
MIMAT0019813,0.998772697
MIMAT0019971,0.998772697
MIMAT0018990,0.998772697
MIMAT0019781,0.998772697
MIMAT0019940,6.797887857
MIMAT0026484,0.998772697
MIMAT0026483,0.998772697
MIMAT0025858,4.065916607
MIMAT0025857,0.998772697
MIMAT0025842,1.030866486
MIMAT0025841,4.66856314
MIMAT0022278,0.998772697
MIMAT0022277,5.039810179
MIMAT0022260,6.780564761
MIMAT0022259,14.31237965
MIMAT0027556,5.111524116
MIMAT0027555,4.078015109
MIMAT0027540,8.287738177
MIMAT0027539,6.284844874
MIMAT0027524,6.912580875
MIMAT0027523,0.998772697
MIMAT0027508,6.42905245
MIMAT0027507,6.090011938
MIMAT0026613,0.998772697
MIMAT0026612,6.226036479
MIMAT0035703,0.998772697
MIMAT0031181,0.998772697
MIMAT0031012,5.344258138
MIMAT0031011,3.674043281
MIMAT0030996,12.39683914
MIMAT0030995,0.998772697
MIMAT0030980,3.870353207
MIMAT0030979,7.120754235
MIMAT0002856,5.5907342
MIMAT0002855,6.285237495
MIMAT0000260,6.834304852
MIMAT0000259,1.816162649
MIMAT0000222,6.649936211
MIMAT0000104,7.310930403
MIMAT0000089,4.770426433
MIMAT0000088,4.788120622
MIMAT0000071,6.806868227
MIMAT0000070,7.120479328
MIMAT0004672,4.700991936
MIMAT0004671,5.727667595
MIMAT0004603,0.998772697
MIMAT0004602,5.942628637
MIMAT0003228,6.72982163
MIMAT0003227,0.998772697
MIMAT0003164,4.073297828
MIMAT0003163,0.998772697
MIMAT0002874,4.428231329
MIMAT0002873,6.292332445
MIMAT0007885,0.998772697
MIMAT0007884,5.921006946
MIMAT0006764,5.482610074
MIMAT0005956,0.998772697
MIMAT0005937,0.998772697
MIMAT0005936,5.15114638
MIMAT0004751,4.684868092
MIMAT0004749,5.582342024
MIMAT0004689,4.415055111
MIMAT0004688,6.726667428
MIMAT0018068,12.92468204
MIMAT0018065,4.301174374
MIMAT0017992,5.430990863
MIMAT0017991,0.998772697
MIMAT0015025,0.998772697
MIMAT0015038,6.236445967
MIMAT0014989,3.991618154
MIMAT0015005,0.998772697
MIMAT0016872,4.881311575
MIMAT0016860,6.642020374
MIMAT0019735,9.288380087
MIMAT0019218,12.79633124
MIMAT0018942,6.166786265
MIMAT0019917,7.252815553
MIMAT0019067,5.514244524
MIMAT0019804,4.013532352
MIMAT0019068,8.220504564
MIMAT0019207,8.135023309
MIMAT0018982,7.759706896
MIMAT0019848,9.824831268
MIMAT0019791,10.47473519
MIMAT0019716,7.364312059
MIMAT0022490,3.663456909
MIMAT0022489,5.283535179
MIMAT0022473,0.998772697
MIMAT0022472,0.998772697
MIMAT0022294,0.998772697
MIMAT0022293,6.403473709
MIMAT0019835,7.344943068
MIMAT0019047,6.501916432
MIMAT0019867,6.70301625
MIMAT0019692,8.101255467
MIMAT0027364,3.870353207
MIMAT0027363,6.826127978
MIMAT0027038,10.06234209
MIMAT0027037,0.998772697
MIMAT0026739,0.998772697
MIMAT0026738,0.998772697
MIMAT0026637,6.098333648
MIMAT0026636,6.960620445
MIMAT0022694,8.831058203
MIMAT0022693,12.63384132
MIMAT0027620,6.884976395
MIMAT0027619,4.930390992
MIMAT0027604,3.349361878
MIMAT0027603,5.47139206
MIMAT0027588,0.998772697
MIMAT0027587,0.998772697
MIMAT0027572,9.967735529
MIMAT0027571,6.144265728
MIMAT0004494,5.322202937
MIMAT0004493,2.996923059
MIMAT0002836,6.015382893
MIMAT0002834,0.998772697
MIMAT0002816,5.261521917
MIMAT0002815,4.452513479
MIMAT0002174,6.461748497
MIMAT0002173,5.364718887
MIMAT0001618,5.928099525
MIMAT0001545,6.124452519
MIMAT0005881,4.155069797
MIMAT0005880,10.76012491
MIMAT0005865,7.764120531
MIMAT0005863,4.900010816
MIMAT0004571,0.998772697
MIMAT0004570,0.998772697
MIMAT0004555,0.998772697
MIMAT0004554,6.181008718
MIMAT0004510,1.678804434
MIMAT0004509,6.488130821
MIMAT0016896,7.80331891
MIMAT0015017,7.450635183
MIMAT0015003,2.86219779
MIMAT0002830,5.355833046
MIMAT0015010,7.366942738
MIMAT0016894,0.998772697
MIMAT0005916,0.998772697
MIMAT0005915,5.511295742
MIMAT0005898,11.53327777
MIMAT0005897,5.84434429
MIMAT0019843,6.03674106
MIMAT0019225,0.998772697
MIMAT0018926,0.998772697
MIMAT0018932,0.998772697
MIMAT0019224,0.998772697
MIMAT0019965,6.475632449
MIMAT0019819,0.998772697
MIMAT0019857,5.32082594
MIMAT0016912,0.998772697
MIMAT0014984,6.279132032
MIMAT0018985,9.003777175
MIMAT0018967,8.238128108
MIMAT0021117,5.439427624
MIMAT0021116,0.998772697
MIMAT0021039,5.977984767
MIMAT0021038,4.274894869
MIMAT0019829,4.345058063
MIMAT0019043,6.028477569
MIMAT0020603,8.361740421
MIMAT0019717,6.642158347
MIMAT0019842,6.130264849
MIMAT0020602,3.041940442
MIMAT0026480,2.752469217
MIMAT0026479,0.998772697
MIMAT0025854,8.725703648
MIMAT0025853,5.276345028
MIMAT0025485,0.998772697
MIMAT0025484,0.998772697
MIMAT0022274,4.272205783
MIMAT0022273,0.998772697
MIMAT0022256,0.998772697
MIMAT0022255,0.998772697
MIMAT0027552,7.246429965
MIMAT0027551,5.005893281
MIMAT0027536,2.676350846
MIMAT0027535,0.998772697
MIMAT0027520,2.539591049
MIMAT0027519,0.998772697
MIMAT0027504,9.298893836
MIMAT0027503,4.102677323
MIMAT0026609,4.701637987
MIMAT0026608,5.018389666
MIMAT0031178,9.829300184
MIMAT0031177,1.523252668
MIMAT0031008,0.998772697
MIMAT0031007,1.933594878
MIMAT0030992,0.998772697
MIMAT0030991,5.950333684
MIMAT0030429,4.227482893
MIMAT0030428,0.998772697
MIMAT0002852, MIMAT0002857,2.934739656
MIMAT0002851,5.600497438
MIMAT0000256,5.503270741
MIMAT0000255,0.998772697
MIMAT0000101,6.6498297
MIMAT0000100,7.140227662
MIMAT0000085,5.354225638
MIMAT0000084,5.700424602
MIMAT0000067,6.193775921
MIMAT0000066,2.055484537
MIMAT0004615,0.998772697
MIMAT0004614,5.571586289
MIMAT0004599,0.998772697
MIMAT0004598,0.998772697
MIMAT0003223,0.998772697
MIMAT0003222,4.196811812
MIMAT0002891,0.998772697
MIMAT0002890,2.748377757
MIMAT0002870,0.998772697
MIMAT0002869,4.411968007
MIMAT0007881,10.93222767
MIMAT0007402,0.998772697
MIMAT0005952,0.998772697
MIMAT0005951,9.195437251
MIMAT0005933,0.998772697
MIMAT0005932,5.140142949
MIMAT0004702,3.300575415
MIMAT0004701,0.998772697
MIMAT0004685,0.998772697
MIMAT0004683,3.508031485
MIMAT0018004,0.998772697
MIMAT0018003,7.759643442
MIMAT0017988,0.998772697
MIMAT0017987,6.097328478
MIMAT0016914,0.998772697
MIMAT0015058,8.575688295
MIMAT0016917,0.998772697
MIMAT0014996,8.588715125
MIMAT0015011,3.297778449
MIMAT0015048,2.80761283
MIMAT0019808,6.84255572
MIMAT0019896,7.546840663
MIMAT0019973,3.436611641
MIMAT0019220,0.998772697
MIMAT0019872,0.998772697
MIMAT0019951,0.998772697
MIMAT0019005,0.998772697
MIMAT0019799,0.998772697
MIMAT0019918,0.998772697
MIMAT0019784,0.998772697
MIMAT0019745,0.998772697
MIMAT0019041,9.298554771
MIMAT0022486,3.929198758
MIMAT0022485,0.998772697
MIMAT0022469,0.998772697
MIMAT0022468,0.998772697
MIMAT0022290,1.842430994
MIMAT0022289,0.998772697
MIMAT0019360,0.998772697
MIMAT0019948,0.998772697
MIMAT0019761,0.998772697
MIMAT0019873,0.998772697
MIMAT0027360,6.708827908
MIMAT0027359,11.79493979
MIMAT0027027,0.998772697
MIMAT0027026,3.482035147
MIMAT0026735,0.998772697
MIMAT0026734,0.998772697
MIMAT0026625,0.998772697
MIMAT0026624,3.399893871
MIMAT0022502,3.893246112
MIMAT0022501,0.998772697
MIMAT0032026,0.998772697
MIMAT0027616,8.342199841
MIMAT0027615,0.998772697
MIMAT0027600,10.92803392
MIMAT0027599,0.998772697
MIMAT0027584,0.998772697
MIMAT0027583,8.389295468
MIMAT0027568,0.998772697
MIMAT0027567,0.998772697
MIMAT0004490,5.287692649
MIMAT0004489,0.998772697
MIMAT0002828,6.633228746
MIMAT0002827,5.072330326
MIMAT0002811,6.576376904
MIMAT0002810,0.998772697
MIMAT0002170,5.921006946
MIMAT0001639,6.257271082
MIMAT0001532,5.560750374
MIMAT0001413,6.375444579
MIMAT0005877,6.144460545
MIMAT0005876,6.188780842
MIMAT0005827,0.998772697
MIMAT0005826,4.24538676
MIMAT0004567,6.325837549
MIMAT0004566,0.998772697
MIMAT0004550,0.998772697
MIMAT0004549,0.998772697
MIMAT0004506,3.147604329
MIMAT0004505,4.972700302
MIMAT0016886,3.442675018
MIMAT0015082,10.1819613
MIMAT0013771,0.998772697
MIMAT0012735,6.908771475
MIMAT0016881,0.998772697
MIMAT0015057,0.998772697
MIMAT0005912,0.998772697
MIMAT0005909,0.998772697
MIMAT0005894,0.998772697
MIMAT0005893,0.998772697
MIMAT0019748,4.234652136
MIMAT0019968,0.998772697
MIMAT0019228,0.998772697
MIMAT0019892,0.998772697
MIMAT0018949,7.47384485
MIMAT0019897,0.998772697
MIMAT0018988,0.998772697
MIMAT0019762,0.998772697
MIMAT0015083,0.998772697
MIMAT0015019,5.709796999
MIMAT0019836,6.291453786
MIMAT0019073,8.843832792
MIMAT0021084,0.998772697
MIMAT0021083,0.998772697
MIMAT0021035,0.998772697
MIMAT0021034,0.998772697
MIMAT0019942,0.998772697
MIMAT0019801,0.998772697
MIMAT0019075,5.004178524
MIMAT0019932,4.551342205
MIMAT0018929,8.30806864
MIMAT0019922,0.998772697
MIMAT0026476,4.571338026
MIMAT0026475,6.768101327
MIMAT0025850,0.998772697
MIMAT0025849,0.998772697
MIMAT0025481,0.998772697
MIMAT0025480,0.998772697
MIMAT0022270,0.998772697
MIMAT0022269,0.998772697
MIMAT0021129,0.998772697
MIMAT0021128,6.424364764
MIMAT0027548,7.287964684
MIMAT0027547,4.612205928
MIMAT0027532,9.819129257
MIMAT0027531,0.998772697
MIMAT0027516,7.774575281
MIMAT0027515,0.998772697
MIMAT0027500,8.223088208
MIMAT0027499,1.513642313
MIMAT0026605,0.998772697
MIMAT0026559,0.998772697
MIMAT0031120,0.998772697
MIMAT0031119,5.666025911
MIMAT0031004,0.998772697
MIMAT0031003,0.998772697
MIMAT0030988,0.998772697
MIMAT0030987,6.446186424
MIMAT0030425,0.998772697
MIMAT0030424,0.998772697
MIMAT0002848,2.750422796
MIMAT0002847,4.837636246
MIMAT0000251,0.998772697
MIMAT0000245,5.473252546
MIMAT0000097,5.778262253
MIMAT0000096,0.998772697
MIMAT0000080,7.726123787
MIMAT0000079,5.365386918
MIMAT0000063,0.998772697
MIMAT0000062,5.561333548
MIMAT0004611,0.998772697
MIMAT0004610,4.229686582
MIMAT0004595,6.614890249
MIMAT0004594,0.998772697
MIMAT0003219,0.998772697
MIMAT0003218,6.73946379
MIMAT0002882,0.998772697
MIMAT0002881,0.998772697
MIMAT0002866,0.998772697
MIMAT0002864,0.998772697
MIMAT0007399,0.998772697
MIMAT0007349,0.998772697
MIMAT0005948,5.344935709
MIMAT0005945,0.998772697
MIMAT0005929,6.704835859
MIMAT0005928,0.998772697
MIMAT0004698,0.998772697
MIMAT0004697,0.998772697
MIMAT0004680,0.998772697
MIMAT0004679,8.259524177
MIMAT0018000,0.998772697
MIMAT0017999,0.998772697
MIMAT0017984,0.998772697
MIMAT0017983,0.998772697
MIMAT0014981,0.998772697
MIMAT0016858,4.927779182
MIMAT0016850,0.998772697
MIMAT0016893,0.998772697
MIMAT0015060,0.998772697
MIMAT0007892,10.88420289
MIMAT0019925,7.285097483
MIMAT0019810,8.589948793
MIMAT0019199,0.998772697
MIMAT0019744,0.998772697
MIMAT0019832,0.998772697
MIMAT0019805,4.207119052
MIMAT0019070,0.998772697
MIMAT0019894,3.772122407
MIMAT0019232,0.998772697
MIMAT0019223,0.998772697
MIMAT0019236,0.998772697
MIMAT0019862,7.247084846
MIMAT0022482,0.998772697
MIMAT0022481,0.998772697
MIMAT0022302,0.998772697
MIMAT0022301,0.998772697
MIMAT0022286,6.056753376
MIMAT0022285,0.998772697
MIMAT0019785,1.370348287
MIMAT0019954,0.998772697
MIMAT0019796,4.884007822
MIMAT0019864,0.998772697
MIMAT0027356,0.998772697
MIMAT0027355,12.04860806
MIMAT0026916,7.028439255
MIMAT0026765,0.998772697
MIMAT0026720,0.998772697
MIMAT0026719,0.998772697
MIMAT0026621,0.998772697
MIMAT0026620,0.998772697
MIMAT0022498,1.533855183
MIMAT0022497,0.998772697
MIMAT0033692,0.998772697
MIMAT0035704,0.998772697
MIMAT0027612,0.998772697
MIMAT0027611,0.998772697
MIMAT0027596,5.126299091
MIMAT0027595,0.998772697
MIMAT0027580,0.998772697
MIMAT0027579,0.998772697
MIMAT0027564,0.998772697
MIMAT0027563,0.998772697
MIMAT0003314,0.998772697
MIMAT0003313,0.998772697
MIMAT0001341,0.998772697
MIMAT0001340,3.812162961
MIMAT0000758,4.297134086
MIMAT0000757,6.261137635
MIMAT0000729,0.998772697
MIMAT0000728,4.914367691
MIMAT0000707,6.138162172
MIMAT0000705,6.112248383
MIMAT0004985,0.998772697
MIMAT0004984,4.837155238
MIMAT0004959,5.920551999
MIMAT0004958,0.998772697
MIMAT0004486,0.998772697
MIMAT0004485,0.998772697
MIMAT0003881,4.407433615
MIMAT0003880,6.86590129
MIMAT0003330,6.446028375
MIMAT0003329,5.842719117
MIMAT0016852,7.352973849
MIMAT0009201,0.998772697
MIMAT0010313,13.20690579
MIMAT0010251,0.998772697
MIMAT0016888,0.998772697
MIMAT0000270,0.998772697
MIMAT0005823,0.998772697
MIMAT0005800,0.998772697
MIMAT0005589,6.231637374
MIMAT0005588,5.472012489
MIMAT0019883,7.190607624
MIMAT0019750,0.998772697
MIMAT0019861,0.998772697
MIMAT0019359,0.998772697
MIMAT0018935,0.998772697
MIMAT0000724,0.998772697
MIMAT0018351,0.998772697
MIMAT0018350,3.872234528
MIMAT0016909,4.987223353
MIMAT0000735,3.161177723
MIMAT0019726,0.998772697
MIMAT0019357,5.571297099
MIMAT0019039,0.998772697
MIMAT0016918,3.156894791
MIMAT0019733,0.998772697
MIMAT0019865,0.998772697
MIMAT0020601,8.051771753
MIMAT0019020,8.097334952
MIMAT0018952,0.998772697
MIMAT0019780,0.998772697
MIMAT0019803,0.998772697
MIMAT0019703,4.391442507
MIMAT0025461,0.998772697
MIMAT0025460,0.998772697
MIMAT0024615,12.56948206
MIMAT0024614,0.998772697
MIMAT0023708,3.926486196
MIMAT0023707,0.998772697
MIMAT0021029,0.998772697
MIMAT0021028,0.998772697
MIMAT0020956,6.117272591
MIMAT0020925,4.988091122
MIMAT0027496,9.756673002
MIMAT0027495,6.200585512
MIMAT0027480,5.261881114
MIMAT0027479,3.960746934
MIMAT0027464,5.918959983
MIMAT0027463,0.998772697
MIMAT0027448,7.267267445
MIMAT0027447,0.998772697
MIMAT0025477,0.998772697
MIMAT0025476,5.699158868
MIMAT0030421,6.8895461
MIMAT0030420,6.68712331
MIMAT0029782,8.549239573
MIMAT0029310,1.926362001
MIMAT0028221,4.472675825
MIMAT0028220,6.365196159
MIMAT0028121,5.319791969
MIMAT0028120,4.12280217
MIMAT0003249,0.998772697
MIMAT0003248,6.272367471
MIMAT0000617,0.998772697
MIMAT0000510,6.531829362
MIMAT0000447,5.44157656
MIMAT0000446,0.998772697
MIMAT0000430,2.52770152
MIMAT0000429,0.998772697
MIMAT0000414,2.28349706
MIMAT0000318,6.175206979
MIMAT0004805,0.998772697
MIMAT0004804,6.419018437
MIMAT0004780,5.248075051
MIMAT0004779,4.64395498
MIMAT0003298,4.154297706
MIMAT0003297,0.998772697
MIMAT0003282,11.39600951
MIMAT0003281,4.613332375
MIMAT0003266,5.451839487
MIMAT0003265,5.544675909
MIMAT0016875,5.751910004
MIMAT0016906,5.187904992
MIMAT0015077,0.998772697
MIMAT0000243,3.155352147
MIMAT0016890,6.392731625
MIMAT0015008,0.998772697
MIMAT0004928,0.998772697
MIMAT0004927,0.998772697
MIMAT0004910,0.998772697
MIMAT0004909,0.998772697
MIMAT0018193,0.998772697
MIMAT0018192,5.592162027
MIMAT0018164,5.802662797
MIMAT0018122,0.998772697
MIMAT0018107,0.998772697
MIMAT0018106,0.998772697
MIMAT0018088,4.931744245
MIMAT0018087,13.63806196
MIMAT0016855,0.998772697
MIMAT0015029,6.219017319
MIMAT0019759,1.359659452
MIMAT0018930,6.747661228
MIMAT0019723,8.732451167
MIMAT0018953,5.213661012
MIMAT0019768,0.998772697
MIMAT0019704,4.683797279
MIMAT0019715,10.88866218
MIMAT0019871,9.445440644
MIMAT0019860,0.998772697
MIMAT0019880,0.998772697
MIMAT0019850,5.801675969
MIMAT0019902,4.099466991
MIMAT0022942,7.998132641
MIMAT0022941,9.960896336
MIMAT0022839,5.376131438
MIMAT0022838,5.950110806
MIMAT0022722, MIMAT0022733, MIMAT0022739,0.998772697
MIMAT0022721,7.863795424
MIMAT0019753,0.998772697
MIMAT0019234,4.177529559
MIMAT0019231,5.591876336
MIMAT0019010,0.998772697
MIMAT0027432,7.384102345
MIMAT0027431,8.577836622
MIMAT0027416,0.998772697
MIMAT0027415,0.998772697
MIMAT0027400,4.835226572
MIMAT0027399,6.726667428
MIMAT0027384,5.238438431
MIMAT0027383,8.370201006
MIMAT0023252,13.56151006
MIMAT0023116,7.008027257
MIMAT0027688,4.664225162
MIMAT0027687,0.998772697
MIMAT0027672,5.898312098
MIMAT0027671,5.473872176
MIMAT0027656,6.18286312
MIMAT0027655,5.591305381
MIMAT0027640,6.27393008
MIMAT0027639,0.998772697
MIMAT0003310,0.998772697
MIMAT0003309,6.243461715
MIMAT0001075,0.998772697
MIMAT0000773,4.836191732
MIMAT0000754,4.575257951
MIMAT0000753,0.998772697
MIMAT0000725,7.025346931
MIMAT0000723,4.511706849
MIMAT0000692,5.110727523
MIMAT0000691,5.396474708
MIMAT0004981,5.964641694
MIMAT0004980,4.436380638
MIMAT0004955,0.998772697
MIMAT0004954,4.015899123
MIMAT0004481,3.52128424
MIMAT0004450,0.998772697
MIMAT0003389,0.998772697
MIMAT0003386,0.998772697
MIMAT0003326,12.33265191
MIMAT0003325,0.998772697
MIMAT0016859,0.998772697
MIMAT0009197,4.323016622
MIMAT0009451,6.392239868
MIMAT0009203,0.998772697
MIMAT0000081,6.09138165
MIMAT0000073,4.800778196
MIMAT0005797,4.804231806
MIMAT0005796,0.998772697
MIMAT0005583,7.751400145
MIMAT0005582,10.66412184
MIMAT0019822,5.086294518
MIMAT0019693,0.998772697
MIMAT0019736,0.998772697
MIMAT0018447, MIMAT0022730,4.572044811
MIMAT0018444,10.27714046
MIMAT0018443,4.518664917
MIMAT0018205,6.664273058
MIMAT0018204,0.998772697
MIMAT0011162,0.998772697
MIMAT0011161,6.487704587
MIMAT0019740,7.779305838
MIMAT0018962,7.647932644
MIMAT0019760,0.998772697
MIMAT0019001,4.818105201
MIMAT0018974,0.998772697
MIMAT0019812,5.47108142
MIMAT0019065,6.143335301
MIMAT0019082,6.354164145
MIMAT0019884,5.206694043
MIMAT0019909,5.672926823
MIMAT0019048,0.998772697
MIMAT0019746,0.998772697
MIMAT0025457,4.572495615
MIMAT0025456,3.059845518
MIMAT0024611,0.998772697
MIMAT0024610,5.275199757
MIMAT0023704,0.998772697
MIMAT0023703,3.393647605
MIMAT0021025,0.998772697
MIMAT0021024,0.998772697
MIMAT0015073,4.496836513
MIMAT0009199,7.836591148
MIMAT0027492,4.097859984
MIMAT0027491,6.243784731
MIMAT0027476,0.998772697
MIMAT0027475,0.998772697
MIMAT0027460,5.200424984
MIMAT0027459,5.619330078
MIMAT0027444,0.998772697
MIMAT0027443,7.087698601
MIMAT0025473,0.998772697
MIMAT0025472,5.688708907
MIMAT0030417,3.67296327
MIMAT0030416,0.998772697
MIMAT0028233,4.956601419
MIMAT0028232,0.998772697
MIMAT0028217,0.998772697
MIMAT0028216,0.998772697
MIMAT0028117,6.80104102
MIMAT0028116,3.899717735
MIMAT0003245,0.998772697
MIMAT0003244,7.097090658
MIMAT0000460,3.346357572
MIMAT0000459,0.998772697
MIMAT0000443,5.125904496
MIMAT0000442,0.998772697
MIMAT0000426,0.998772697
MIMAT0000425,0.998772697
MIMAT0000279,0.998772697
MIMAT0000278,5.64544545
MIMAT0004801,6.014791353
MIMAT0004800,7.604703658
MIMAT0004776,4.735925649
MIMAT0004775,0.998772697
MIMAT0003294,0.998772697
MIMAT0003293,0.998772697
MIMAT0003278,0.998772697
MIMAT0003277,0.998772697
MIMAT0003261,4.363428467
MIMAT0003260,6.301403762
MIMAT0016869,0.998772697
MIMAT0015085,0.998772697
MIMAT0015041,10.18336633
MIMAT0014990,0.998772697
MIMAT0015046,4.834261776
MIMAT0015016,0.998772697
MIMAT0004924,4.512310816
MIMAT0004923,0.998772697
MIMAT0004902,0.998772697
MIMAT0004901,1.18117897
MIMAT0018189,6.001571739
MIMAT0018188,0.998772697
MIMAT0018119,2.600538138
MIMAT0018118,0.998772697
MIMAT0018103,0.998772697
MIMAT0018102,0.998772697
MIMAT0018084,4.787621772
MIMAT0018083,0.998772697
MIMAT0016902,2.062092703
MIMAT0015018,3.520083548
MIMAT0019700,5.044824089
MIMAT0018956,6.302935253
MIMAT0019821,5.114618726
MIMAT0019849,8.026992018
MIMAT0019985,0.998772697
MIMAT0019853,6.444957618
MIMAT0019919,1.332579954
MIMAT0019011,6.315363962
MIMAT0019071,14.64171779
MIMAT0019771,6.302237662
MIMAT0019221,5.224118973
MIMAT0018965,8.20785886
MIMAT0022938,8.586232617
MIMAT0022929,0.998772697
MIMAT0022741,0.998772697
MIMAT0022737,0.998772697
MIMAT0022717,0.998772697
MIMAT0022714,0.998772697
MIMAT0019958,6.451747765
MIMAT0020600,5.89785042
MIMAT0018958,5.637305053
MIMAT0019792,5.261881114
MIMAT0027428,4.957487797
MIMAT0027427,7.007516045
MIMAT0027412,9.032842151
MIMAT0027411,0.998772697
MIMAT0027396,6.919171647
MIMAT0027395,0.998772697
MIMAT0027380,0.998772697
MIMAT0027379,0.998772697
MIMAT0022978,0.998772697
MIMAT0022977,8.449485251
MIMAT0027684,4.225275832
MIMAT0027683,5.828542866
MIMAT0027668,0.998772697
MIMAT0027667,5.533040091
MIMAT0027652,4.850240417
MIMAT0027651,0.998772697
MIMAT0027636,0.998772697
MIMAT0027635,3.803095807
MIMAT0003306,3.432791028
MIMAT0003305,0.998772697
MIMAT0000770,4.83474476
MIMAT0000765,0.998772697
MIMAT0000750,4.942311973
MIMAT0000738,0.998772697
MIMAT0000720,0.998772697
MIMAT0000719,5.561625352
MIMAT0000687,4.928131484
MIMAT0000685,4.70004949
MIMAT0004977,0.998772697
MIMAT0004976,0.998772697
MIMAT0004951,6.537515549
MIMAT0004950,0.998772697
MIMAT0003945,3.099758752
MIMAT0003888,0.998772697
MIMAT0003339,0.998772697
MIMAT0003338,3.430239212
MIMAT0003322,0.998772697
MIMAT0003321,5.05740307
MIMAT0016910,5.951174529
MIMAT0000686,0.998772697
MIMAT0009448,0.998772697
MIMAT0009198,0.998772697
MIMAT0016854,5.794428229
MIMAT0016866,0.998772697
MIMAT0005793,4.015047033
MIMAT0005792,6.078282015
MIMAT0005576,6.889778289
MIMAT0005573,6.677258613
MIMAT0019729,0.998772697
MIMAT0019766,0.998772697
MIMAT0019202,0.998772697
MIMAT0019877,0.998772697
MIMAT0018359,4.202806178
MIMAT0018358,0.998772697
MIMAT0018201,0.998772697
MIMAT0018200,3.036915604
MIMAT0011158,0.998772697
MIMAT0011157,5.492518329
MIMAT0019209,8.738780577
MIMAT0018992,4.532851113
MIMAT0019798,0.998772697
MIMAT0018961,6.881209964
MIMAT0016922,0.998772697
MIMAT0015036,8.065095768
MIMAT0019058,0.998772697
MIMAT0019956,13.19976861
MIMAT0019031,5.896464016
MIMAT0018975,0.998772697
MIMAT0019911,0.998772697
MIMAT0019738,4.472056331
MIMAT0025453,5.866953473
MIMAT0025452,0.998772697
MIMAT0024597,0.998772697
MIMAT0023715,13.27917768
MIMAT0023700,8.546900905
MIMAT0023699,0.998772697
MIMAT0021021,9.019803817
MIMAT0021020,5.030029811
MIMAT0015022,0.998772697
MIMAT0020300,0.998772697
MIMAT0027488,8.64482462
MIMAT0027487,4.7354095
MIMAT0027472,11.64123906
MIMAT0027471,5.238155081
MIMAT0027456,7.826287975
MIMAT0027455,3.44014064
MIMAT0027440,1.348879515
MIMAT0027439,3.202911849
MIMAT0025469,0.998772697
MIMAT0025468,0.998772697
MIMAT0030413,5.307923049
MIMAT0030412,4.415055111
MIMAT0028229,0.998772697
MIMAT0028228,6.057741332
MIMAT0028213,0.998772697
MIMAT0028212,0.998772697
MIMAT0028113,9.075949591
MIMAT0028112,0.998772697
MIMAT0003241,0.998772697
MIMAT0003240,5.769886819
MIMAT0000456,0.998772697
MIMAT0000455,0.998772697
MIMAT0000439,4.987223353
MIMAT0000438,1.199283328
MIMAT0000422,6.873060524
MIMAT0000421,7.719484494
MIMAT0000273,5.398434976
MIMAT0000272,0.998772697
MIMAT0004797,0.998772697
MIMAT0004796,0.998772697
MIMAT0004772,0.998772697
MIMAT0004770,0.998772697
MIMAT0003290,0.998772697
MIMAT0003289,0.998772697
MIMAT0003274,4.105701362
MIMAT0003273,0.998772697
MIMAT0003257,0.998772697
MIMAT0003256,4.688610252
MIMAT0015009,0.998772697
MIMAT0015088,5.397709591
MIMAT0014979,0.998772697
MIMAT0015002,3.393647605
MIMAT0014995,0.998772697
MIMAT0016883,5.043155013
MIMAT0004920,0.998772697
MIMAT0004919,0.998772697
MIMAT0004813,0.998772697
MIMAT0004812,4.223803095
MIMAT0018185,0.998772697
MIMAT0018184,0.998772697
MIMAT0018115,0.998772697
MIMAT0018114,0.998772697
MIMAT0018098,0.998772697
MIMAT0018097,0.998772697
MIMAT0018080,0.998772697
MIMAT0018079,6.341727563
MIMAT0015089,0.998772697
MIMAT0015040,3.548029082
MIMAT0019854,6.268530564
MIMAT0019002,0.998772697
MIMAT0018994,9.758265142
MIMAT0019874,6.206803918
MIMAT0019217,0.998772697
MIMAT0019904,6.260778629
MIMAT0019198,0.998772697
MIMAT0018978,0.998772697
MIMAT0018981,8.87896962
MIMAT0019921,0.998772697
MIMAT0019899,5.419362553
MIMAT0013517,3.871293189
MIMAT0022924,0.998772697
MIMAT0022923,0.998772697
MIMAT0020924,7.695001166
MIMAT0022732,0.998772697
MIMAT0022711,0.998772697
MIMAT0022710,0.998772697
MIMAT0019915,0.998772697
MIMAT0018940,0.998772697
MIMAT0019066,1.683102227
MIMAT0018973,0.998772697
MIMAT0027424,8.880001243
MIMAT0027423,4.386843038
MIMAT0027408,2.513301507
MIMAT0027407,0.998772697
MIMAT0027392,8.215331502
MIMAT0027391,4.13068397
MIMAT0027376,3.000371399
MIMAT0027375,7.697343956
MIMAT0022967,7.890657294
MIMAT0022966,0.998772697
MIMAT0027680,6.008065893
MIMAT0027679,0.998772697
MIMAT0027664,2.934739656
MIMAT0027663,0.998772697
MIMAT0027648,0.998772697
MIMAT0027647,0.998772697
MIMAT0027632,0.998772697
MIMAT0027631,0.998772697
MIMAT0003302,3.836741161
MIMAT0003301,2.602808428
MIMAT0000762,0.998772697
MIMAT0000761,3.385764314
MIMAT0000734,0.998772697
MIMAT0000733,5.342222805
MIMAT0000716,0.998772697
MIMAT0000715,0.998772697
MIMAT0000682,5.309313138
MIMAT0000681,0.998772697
MIMAT0004972,0.998772697
MIMAT0004971,2.929326493
MIMAT0004947,0.998772697
MIMAT0004946,0.998772697
MIMAT0003885,3.347711841
MIMAT0003884,0.998772697
MIMAT0003335,0.998772697
MIMAT0003333,0.998772697
MIMAT0003318,0.998772697
MIMAT0003317,0.998772697
MIMAT0010497,0.998772697
MIMAT0010367,0.998772697
MIMAT0015080,11.82901261
MIMAT0000432,0.998772697
MIMAT0016919,0.998772697
MIMAT0016879,10.55321335
MIMAT0005788,0.998772697
MIMAT0005593,6.532126883
MIMAT0005458,4.45314142
MIMAT0002831, MIMAT0005449, MIMAT0005450, MIMAT0005451, MIMAT0005452, MIMAT0005454,4.752513603
MIMAT0019898,0.998772697
MIMAT0019907,5.451525268
MIMAT0019013,0.998772697
MIMAT0019018,10.54323593
MIMAT0018355,0.998772697
MIMAT0018354,3.567645116
MIMAT0018197,0.998772697
MIMAT0018196,0.998772697
MIMAT0015045,0.998772697
MIMAT0015023,4.388158472
MIMAT0019222,0.998772697
MIMAT0019817,0.998772697
MIMAT0016856,0.998772697
MIMAT0015087,5.896695337
MIMAT0019891,0.998772697
MIMAT0019820,0.998772697
MIMAT0018960,8.911039176
MIMAT0019856,0.998772697
MIMAT0019779,7.517374163
MIMAT0018987,10.79006235
MIMAT0019756,9.998628942
MIMAT0019852,7.597393005
MIMAT0024782,4.358887606
MIMAT0024618,0.998772697
MIMAT0023712,11.3560768
MIMAT0023711,5.364718887
MIMAT0023696,0.998772697
MIMAT0023695,0.998772697
MIMAT0021017,4.301174374
MIMAT0020959,0.998772697
MIMAT0019895,0.998772697
MIMAT0019230,0.998772697
MIMAT0027484,7.052854376
MIMAT0027483,0.998772697
MIMAT0027468,11.11824889
MIMAT0027467,0.998772697
MIMAT0027452,6.354332584
MIMAT0027451,4.435108465
MIMAT0027436,9.518001026
MIMAT0027435,0.998772697
MIMAT0025465,0.998772697
MIMAT0025464,0.998772697
MIMAT0030020,0.998772697
MIMAT0030019,13.36163853
MIMAT0028225,3.774136193
MIMAT0028224,0.998772697
MIMAT0028125,7.742852437
MIMAT0028124,5.294904452
MIMAT0028109,5.828300861
MIMAT0027691,0.998772697
MIMAT0003237,6.493261433
MIMAT0003236,0.998772697
MIMAT0000451,4.987657757
MIMAT0000450,0.998772697
MIMAT0000435,0.998772697
MIMAT0000434,5.561333548
MIMAT0000418,8.918421185
MIMAT0000417,6.096925877
MIMAT0000268,4.960143671
MIMAT0000267,3.155352147
MIMAT0004793,0.998772697
MIMAT0004792,9.158145436
MIMAT0004766,0.998772697
MIMAT0004765,3.594690441
MIMAT0003286,0.998772697
MIMAT0003285,0.998772697
MIMAT0003270,5.98011872
MIMAT0003269,0.998772697
MIMAT0003253,0.998772697
MIMAT0003252,3.638786205
MIMAT0014987,5.865589948
MIMAT0016877,0.998772697
MIMAT0015014,0.998772697
MIMAT0016882,0.998772697
MIMAT0015056,0.998772697
MIMAT0015065,8.572994463
MIMAT0004916,0.998772697
MIMAT0004913,0.998772697
MIMAT0004809,0.998772697
MIMAT0004808,5.22485614
MIMAT0018181, MIMAT0019007,0.998772697
MIMAT0018179,4.51819823
MIMAT0018111,0.998772697
MIMAT0018110,0.998772697
MIMAT0018093,0.998772697
MIMAT0018091,0.998772697
MIMAT0018076,11.19838208
MIMAT0018075,0.998772697
MIMAT0016885,0.998772697
MIMAT0016844,3.634358784
MIMAT0019226,0.998772697
MIMAT0019206,4.700991936
MIMAT0018997,0.998772697
MIMAT0019914,0.998772697
MIMAT0019728,0.998772697
MIMAT0019790,0.998772697
MIMAT0019696,4.735925649
MIMAT0019235,0.998772697
MIMAT0019029,0.998772697
MIMAT0019858,0.998772697
MIMAT0019003,6.110456122
MIMAT0019774,6.408715995
MIMAT0022844,0.998772697
MIMAT0022842,0.998772697
MIMAT0022727,0.998772697
MIMAT0022726,0.998772697
MIMAT0022706,0.998772697
MIMAT0022705,0.998772697
MIMAT0019215,0.998772697
MIMAT0019078,0.998772697
MIMAT0019023,5.726425548
MIMAT0018971,4.388158472
MIMAT0027420,6.425611228
MIMAT0027419,4.668021181
MIMAT0027404,10.45113607
MIMAT0027403,0.998772697
MIMAT0027388,4.13068397
MIMAT0027387,10.35485717
MIMAT0027372,0.998772697
MIMAT0027371,5.943971401
MIMAT0022947,7.491797988
MIMAT0022946,12.03862337
MIMAT0027676,0.998772697
MIMAT0027675,0.998772697
MIMAT0027660,7.536615651
MIMAT0027659,4.256075296
MIMAT0027644,2.667706456
MIMAT0027643,3.768086382
MIMAT0027628,0.998772697
MIMAT0027627,3.51768168
MIMAT0004504,0.998772697
MIMAT0004503,0.998772697
MIMAT0002846,0.998772697
MIMAT0002845, MIMAT0005455, MIMAT0005456,4.719028723
MIMAT0002826,5.439991557
MIMAT0002825,3.804301455
MIMAT0002809,5.662556492
MIMAT0002808,4.318882572
MIMAT0001638,4.835226572
MIMAT0001636,3.770105806
MIMAT0005892,5.140533671
MIMAT0005891,6.414262151
MIMAT0005875,0.998772697
MIMAT0005874,1.354279552
MIMAT0004593,0.998772697
MIMAT0004592,2.605070412
MIMAT0004565,4.345058063
MIMAT0004564,5.572744284
MIMAT0004548,4.752513603
MIMAT0004543,5.031200226
MIMAT0015024,6.419947681
MIMAT0016867,6.274107779
MIMAT0015062,2.445947195
MIMAT0016851,5.949888359
MIMAT0012734,7.805800206
MIMAT0011778,4.804723916
MIMAT0005926,5.429394181
MIMAT0005925,3.341234996
MIMAT0005908,0.998772697
MIMAT0005907,4.852625165
MIMAT0018963,5.420327593
MIMAT0019747,0.998772697
MIMAT0019028,0.998772697
MIMAT0019794,0.998772697
MIMAT0019046,0.998772697
MIMAT0018934,0.998772697
MIMAT0019830,3.307545654
MIMAT0019908,4.366769215
MIMAT0016900,8.085155288
MIMAT0015378,0.998772697
MIMAT0018993,13.0015369
MIMAT0019815,8.611190185
MIMAT0021127,7.699749234
MIMAT0021126,0.998772697
MIMAT0021082,6.885558763
MIMAT0021081,0.998772697
MIMAT0019227,0.998772697
MIMAT0019793,5.374804292
MIMAT0019840,2.183119649
MIMAT0019694,0.998772697
MIMAT0019363,5.638964119
MIMAT0019362,3.959861629
MIMAT0026558,4.752002285
MIMAT0026557,0.998772697
MIMAT0026474,6.336879192
MIMAT0026473,0.998772697
MIMAT0025848,0.998772697
MIMAT0025847,7.873613241
MIMAT0022284,0.998772697
MIMAT0022283,0.998772697
MIMAT0022268,0.998772697
MIMAT0022267,0.998772697
MIMAT0027562,3.864692501
MIMAT0027561,5.971962628
MIMAT0027546,4.719667843
MIMAT0027545,0.998772697
MIMAT0027530,4.45314142
MIMAT0027529,0.998772697
MIMAT0027514,6.997328716
MIMAT0027513,0.998772697
MIMAT0026619,0.998772697
MIMAT0026618,0.998772697
MIMAT0031890,0.998772697
MIMAT0032029,7.915415875
MIMAT0031095,11.65846606
MIMAT0031074,0.998772697
MIMAT0031002,4.928583101
MIMAT0031001,0.998772697
MIMAT0030986,11.38144854
MIMAT0030985,0.998772697
MIMAT0002863,0.998772697
MIMAT0002862, MIMAT0005457,1.830864706
MIMAT0000266,5.030029811
MIMAT0000265,4.097054966
MIMAT0000244,5.043989792
MIMAT0000242,0.998772697
MIMAT0000095,5.377456671
MIMAT0000094,5.674275615
MIMAT0000078,9.207726175
MIMAT0000077,8.065084358
MIMAT0004678,6.331710978
MIMAT0004677,3.83962966
MIMAT0004609,9.91862627
MIMAT0004608,0.998772697
MIMAT0003235,0.998772697
MIMAT0003234,4.072478984
MIMAT0003217,0.998772697
MIMAT0003216,3.475860653
MIMAT0002880,1.17983071
MIMAT0002879,3.518884371
MIMAT0007891,7.05710662
MIMAT0007890,8.561358312
MIMAT0007348,6.44060323
MIMAT0007347,11.94252902
MIMAT0005944,0.998772697
MIMAT0005943,6.181346023
MIMAT0004764,0.998772697
MIMAT0004763,3.511658192
MIMAT0004696,5.201547326
MIMAT0004695,4.368770235
MIMAT0018074,0.998772697
MIMAT0018073,2.032111117
MIMAT0017998,0.998772697
MIMAT0017997,2.17703797
MIMAT0017982,0.998772697
MIMAT0017981,4.318882572
MIMAT0014978,5.028764836
MIMAT0015001,0.998772697
MIMAT0015053,5.442843045
MIMAT0016847,0.998772697
MIMAT0019913,9.503767598
MIMAT0019690,5.710527211
MIMAT0019967,5.276621721
MIMAT0019923,5.768371758
MIMAT0019213,5.783148685
MIMAT0019201,0.998772697
MIMAT0019787,0.998772697
MIMAT0019076,0.998772697
MIMAT0019863,5.296657043
MIMAT0019847,1.003662351
MIMAT0019978,6.975921742
MIMAT0019786,0.998772697
MIMAT0022496,0.998772697
MIMAT0022495,2.682799193
MIMAT0022480,0.998772697
MIMAT0022479,1.010504472
MIMAT0022300,0.998772697
MIMAT0022299,0.998772697
MIMAT0019945,0.998772697
MIMAT0019789,4.155843094
MIMAT0019063,0.998772697
MIMAT0019060,0.998772697
MIMAT0027370,4.805107583
MIMAT0027369,3.663215715
MIMAT0027354,6.274819474
MIMAT0027353,10.11696087
MIMAT0026749,0.998772697
MIMAT0026744,0.998772697
MIMAT0026718,7.203124437
MIMAT0026717,0.998772697
MIMAT0022702,0.998772697
MIMAT0022701,0.998772697
MIMAT0027626,5.720095315
MIMAT0027625,0.998772697
MIMAT0027610,5.571007246
MIMAT0027609,0.998772697
MIMAT0027594,5.769634243
MIMAT0027593,0.998772697
MIMAT0027578,0.998772697
MIMAT0027577,0.998772697
MIMAT0004500,4.301174374
MIMAT0004499,6.11145219
MIMAT0002842,0.998772697
MIMAT0002841,4.205793267
MIMAT0002822,0.998772697
MIMAT0002821,5.298406774
MIMAT0002805,5.673466943
MIMAT0002804,0.998772697
MIMAT0001630,0.998772697
MIMAT0001629,4.228951881
MIMAT0005887,4.180570978
MIMAT0005886,0.998772697
MIMAT0005871,7.541839869
MIMAT0005870,0.998772697
MIMAT0004589,6.315709641
MIMAT0004588,5.273420889
MIMAT0004561,8.956004634
MIMAT0004560,3.149155275
MIMAT0004516,0.998772697
MIMAT0004515,6.595176717
MIMAT0015055,12.0081395
MIMAT0016871,0.998772697
MIMAT0016884,0.998772697
MIMAT0015063,6.023298277
MIMAT0011163,7.264109913
MIMAT0016897,4.414409016
MIMAT0005922,10.22153328
MIMAT0005921,0.998772697
MIMAT0005904,3.931006823
MIMAT0005903,5.543495772
MIMAT0018980,6.831129448
MIMAT0019888,6.314845108
MIMAT0019743,7.014539975
MIMAT0018937,0.998772697
MIMAT0019752,6.713727709
MIMAT0019939,0.998772697
MIMAT0019795,5.2730653
MIMAT0019936,0.998772697
MIMAT0015037,0.998772697
MIMAT0015051,0.998772697
MIMAT0019757,8.528396236
MIMAT0019027,10.8037934
MIMAT0021123,5.842959218
MIMAT0021122,2.848882006
MIMAT0021045,4.251744611
MIMAT0021044,4.956699829
MIMAT0019773,4.10107221
MIMAT0013516,4.532851113
MIMAT0019019,5.673196908
MIMAT0019983,4.629837972
MIMAT0019903,9.765507958
MIMAT0018957,4.432702258
MIMAT0026486,11.28829127
MIMAT0026485,4.536414796
MIMAT0021080,4.903132993
MIMAT0000732,0.998772697
MIMAT0025844,7.43265495
MIMAT0025843,0.998772697
MIMAT0022280,0.998772697
MIMAT0022279,0.998772697
MIMAT0022264,0.998772697
MIMAT0022263,0.998772697
MIMAT0027558,7.592437729
MIMAT0027557,0.998772697
MIMAT0027542,9.820192753
MIMAT0027541,0.998772697
MIMAT0027526,6.393714639
MIMAT0027525,4.646583947
MIMAT0027510,10.54165112
MIMAT0027509,3.628804166
MIMAT0026615,0.998772697
MIMAT0026614,5.432267339
MIMAT0035542,5.221538239
MIMAT0032114, MIMAT0032115,0.998772697
MIMAT0031014,1.396734429
MIMAT0031013,0.998772697
MIMAT0030998,6.188780842
MIMAT0030997,4.57191633
MIMAT0030982,4.66325952
MIMAT0030981,4.85167094
MIMAT0002859,0.998772697
MIMAT0002858,4.989728919
MIMAT0000262,5.737381397
MIMAT0000261,5.471701983
MIMAT0000227,6.162465641
MIMAT0000226,0.998772697
MIMAT0000091,1.528038943
MIMAT0000090,0.998772697
MIMAT0000074,6.05042909
MIMAT0000072,6.136597308
MIMAT0004674,5.842959218
MIMAT0004673,3.436611641
MIMAT0004605,0.998772697
MIMAT0004604,0.998772697
MIMAT0003231,3.808237563
MIMAT0003230,5.717742785
MIMAT0003180,4.100270664
MIMAT0003165,0.998772697
MIMAT0002876,0.998772697
MIMAT0002875,1.518460525
MIMAT0007887,5.014986851
MIMAT0007886,5.580329125
MIMAT0006767,4.180570978
MIMAT0006765,0.998772697
MIMAT0005940,0.998772697
MIMAT0005939,5.769634243
MIMAT0004757,3.844430342
MIMAT0004752,4.322175194
MIMAT0004692,3.551554286
MIMAT0004690,3.350713331
MIMAT0018070,5.718789253
MIMAT0018069,4.449995021
MIMAT0017994,0.998772697
MIMAT0017993,3.198418347
MIMAT0017352,2.361957795
MIMAT0015021,0.998772697
MIMAT0015000,4.274340767
MIMAT0015064,5.296657043
MIMAT0015004,0.998772697
MIMAT0016916,8.712383186
MIMAT0019869,6.522188024
MIMAT0019831,8.866562715
MIMAT0019712,6.035318889
MIMAT0019765,0.998772697
MIMAT0019755,6.595888612
MIMAT0019851,0.998772697
MIMAT0019233,3.591266811
MIMAT0019708,0.998772697
MIMAT0019969,1.191945164
MIMAT0019689,1.804391219
MIMAT0018977,6.664816143
MIMAT0019022,12.956402
MIMAT0022492,3.204404493
MIMAT0022491,6.098132502
MIMAT0022475,0.998772697
MIMAT0022474,0.998772697
MIMAT0022296,3.43788382
MIMAT0022295,4.770426433
MIMAT0019916,6.163191941
MIMAT0019036,6.096925877
MIMAT0019751,0.998772697
MIMAT0019955,5.422505146
MIMAT0027366,5.493130381
MIMAT0027365,8.101806936
MIMAT0027088,3.835776368
MIMAT0027041,2.525309808
MIMAT0026741,0.998772697
MIMAT0026740,0.998772697
MIMAT0026639,3.965161633
MIMAT0026638,4.101874989
MIMAT0022696,0.998772697
MIMAT0022695,0.998772697
MIMAT0027622,1.937190236
MIMAT0027621,2.51089084
MIMAT0027606,0.998772697
MIMAT0027605,0.998772697
MIMAT0027590,9.476539361
MIMAT0027589,0.998772697
MIMAT0027574,5.513407228
MIMAT0027573,6.224604998
MIMAT0004496,6.262353833
MIMAT0004495,0.998772697
MIMAT0002838,6.636593751
MIMAT0002837,4.430788033
MIMAT0002818,4.251744611
MIMAT0002817,0.998772697
MIMAT0002176,0.998772697
MIMAT0002175,3.903198026
MIMAT0001621,0.998772697
MIMAT0001620,4.10107221
MIMAT0005883,0.998772697
MIMAT0005882,0.998772697
MIMAT0005867,9.20226139
MIMAT0005866,0.998772697
MIMAT0004585,1.532799427
MIMAT0004584,0.998772697
MIMAT0004557,0.998772697
MIMAT0004556,4.368103071
MIMAT0004512,5.108733697
MIMAT0004511,4.592772369
MIMAT0016849,9.225332837
MIMAT0016889,8.567282897
MIMAT0014992,3.66647071
MIMAT0002832,3.585543444
MIMAT0015043,0.998772697
MIMAT0016911,0.998772697
MIMAT0005918,0.998772697
MIMAT0005917,0.998772697
MIMAT0005900,0.998772697
MIMAT0005899,5.140142949
MIMAT0019809,0.998772697
MIMAT0019050,7.255387218
MIMAT0018984,0.998772697
MIMAT0018927,0.998772697
MIMAT0019705,4.72071237
MIMAT0019866,0.998772697
MIMAT0019724,0.998772697
MIMAT0019030,0.998772697
MIMAT0015044,5.691316786
MIMAT0014988,0.998772697
MIMAT0019219,8.551362377
MIMAT0019212,7.8334046
MIMAT0021119,5.138580642
MIMAT0021118,4.800283705
MIMAT0021041,0.998772697
MIMAT0021040,0.998772697
MIMAT0019777,8.365946768
MIMAT0019950,0.998772697
MIMAT0015081,0.998772697
MIMAT0013515,0.998772697
MIMAT0018933,0.998772697
MIMAT0019959,0.998772697
MIMAT0026482,0.998772697
MIMAT0026481,0.998772697
MIMAT0025856,10.59487767
MIMAT0025855,5.920097384
MIMAT0025487,7.435208331
MIMAT0025486,6.695755937
MIMAT0022276,0.998772697
MIMAT0022275,0.998772697
MIMAT0022258,0.998772697
MIMAT0022257,3.038218202
MIMAT0027554,4.426951946
MIMAT0027553,0.998772697
MIMAT0027538,8.178117086
MIMAT0027537,0.998772697
MIMAT0027522,0.998772697
MIMAT0027521,5.818070708
MIMAT0027506,10.5450705
MIMAT0027505,5.253419268
MIMAT0026611,0.998772697
MIMAT0026610,3.193910806
MIMAT0031180,10.25708674
MIMAT0031179,0.998772697
MIMAT0031010,0.998772697
MIMAT0031009,5.125510618
MIMAT0030994,0.998772697
MIMAT0030993,2.932936266
MIMAT0030431,0.998772697
MIMAT0030430,1.375657597
MIMAT0002854,5.354823871
MIMAT0002853,3.306153132
MIMAT0000258,0.998772697
MIMAT0000257,0.998772697
MIMAT0000103,0.998772697
MIMAT0000102,5.201547326
MIMAT0000087,4.431922448
MIMAT0000086,0.998772697
MIMAT0000069,6.3092497
MIMAT0000068,5.071920687
MIMAT0004658,3.994212894
MIMAT0004657,0.998772697
MIMAT0004601,0.998772697
MIMAT0004600,0.998772697
MIMAT0003226,0.998772697
MIMAT0003225,4.849390622
MIMAT0003161,0.998772697
MIMAT0003150,0.998772697
MIMAT0002872,0.998772697
MIMAT0002871,3.83962966
MIMAT0007883,8.360378999
MIMAT0007882,4.229686582
MIMAT0005955,0.998772697
MIMAT0005953,0.998772697
MIMAT0005935,0.998772697
MIMAT0005934,0.998772697
MIMAT0004748,6.594781266
MIMAT0004703,4.574230863
MIMAT0004687,7.856068312
MIMAT0004686,0.998772697
MIMAT0018006,4.911626115
MIMAT0018005,6.123113861
MIMAT0017990,0.998772697
MIMAT0017989,0.998772697
MIMAT0014980,0.998772697
MIMAT0014997,4.987223353
MIMAT0015076,3.564156621
MIMAT0014991,0.998772697
MIMAT0016925,0.998772697
MIMAT0015032,4.490249361
MIMAT0019881,6.790123287
MIMAT0019806,8.868472853
MIMAT0019718,0.998772697
MIMAT0019772,4.179218967
MIMAT0019713,0.998772697
MIMAT0019783,0.998772697
MIMAT0019930,0.998772697
MIMAT0019920,0.998772697
MIMAT0018936,0.998772697
MIMAT0019062,0.998772697
MIMAT0019845,7.451046148
MIMAT0019882,6.015170288
MIMAT0022488,3.303366969
MIMAT0022487,0.998772697
MIMAT0022471,0.998772697
MIMAT0022470,0.998772697
MIMAT0022292,0.998772697
MIMAT0022291,0.998772697
MIMAT0018931,5.123931549
MIMAT0019952,0.998772697
MIMAT0019937,0.998772697
MIMAT0019763,0.998772697
MIMAT0027362,6.162658015
MIMAT0027361,0.998772697
MIMAT0027036,0.998772697
MIMAT0027032,0.998772697
MIMAT0026737,0.998772697
MIMAT0026736,0.998772697
MIMAT0026627,3.152255417
MIMAT0026626,0.998772697
MIMAT0022692,0.998772697
MIMAT0022691,8.118417146
MIMAT0027618,5.174132421
MIMAT0027617,4.852148132
MIMAT0027602,7.400734432
MIMAT0027601,0.998772697
MIMAT0027586,6.451310643
MIMAT0027585,2.071224977
MIMAT0027570,4.881778087
MIMAT0027569,4.207119052
MIMAT0004492,0.998772697
MIMAT0004491,0.998772697
MIMAT0002833,0.998772697
MIMAT0002829,5.673196908
MIMAT0002814,0.998772697
MIMAT0002812,2.932936266
MIMAT0002172,0.998772697
MIMAT0002171,0.998772697
MIMAT0001541,0.998772697
MIMAT0001536,0.998772697
MIMAT0005879,0.998772697
MIMAT0005878,2.364630376
MIMAT0005829,0.998772697
MIMAT0005828,0.998772697
MIMAT0004569,0.998772697
MIMAT0004568,0.998772697
MIMAT0004553,0.998772697
MIMAT0004551,0.998772697
MIMAT0004508,7.486926393
MIMAT0004507,0.998772697
MIMAT0016864,0.998772697
MIMAT0015078,6.124254981
MIMAT0016868,0.998772697
MIMAT0013802,11.69131138
MIMAT0015090,3.388395949
MIMAT0016863,0.998772697
MIMAT0005914,0.998772697
MIMAT0005913,0.998772697
MIMAT0005896,0.998772697
MIMAT0005895,0.998772697
MIMAT0019706,0.998772697
MIMAT0019197,2.880595867
MIMAT0019074,0.998772697
MIMAT0019695,5.561851795
MIMAT0018959,0.998772697
MIMAT0019051,0.998772697
MIMAT0019824,4.54957919
MIMAT0019893,0.998772697
MIMAT0013863,0.998772697
MIMAT0016903,0.998772697
MIMAT0019337,14.77266975
MIMAT0019946,5.648132644
MIMAT0021086,0.998772697
MIMAT0021085,4.687007338
MIMAT0021037,4.836191732
MIMAT0021036,0.998772697
MIMAT0019938,0.998772697
MIMAT0019905,0.998772697
MIMAT0019208,0.998772697
MIMAT0019229,11.08246353
MIMAT0018999,4.129111381
MIMAT0018966,5.995479371
MIMAT0026478,0.998772697
MIMAT0026477,5.482917597
MIMAT0025852,7.184223913
MIMAT0025851,0.998772697
MIMAT0025483,0.998772697
MIMAT0025482,0.998772697
MIMAT0022272,0.998772697
MIMAT0022271,0.998772697
MIMAT0021131,0.998772697
MIMAT0021130,0.998772697
MIMAT0027550,0.998772697
MIMAT0027549,4.104900709
MIMAT0027534,0.998772697
MIMAT0027533,0.998772697
MIMAT0027518,0.998772697
MIMAT0027517,0.998772697
MIMAT0027502,0.998772697
MIMAT0027501,6.138357814
MIMAT0026607,0.998772697
MIMAT0026606,3.477098703
MIMAT0031176,0.998772697
MIMAT0031175,0.998772697
MIMAT0031006,0.998772697
MIMAT0031005,0.998772697
MIMAT0030990,9.311291099
MIMAT0030989,0.998772697
MIMAT0030427,0.998772697
MIMAT0030426,4.126748453
MIMAT0002850,0.998772697
MIMAT0002849,0.998772697
MIMAT0000254,3.048241414
MIMAT0000252,0.998772697
MIMAT0000099,0.998772697
MIMAT0000098,4.227482893
MIMAT0000083,0.998772697
MIMAT0000082,5.629180207
MIMAT0000065,5.459773049
MIMAT0000064,6.23127095
MIMAT0004613,0.998772697
MIMAT0004612,0.998772697
MIMAT0004597,4.123592952
MIMAT0004596,0.998772697
MIMAT0003221,5.7345973
MIMAT0003220,0.998772697
MIMAT0002888,2.075225758
MIMAT0002883,0.998772697
MIMAT0002868,0.998772697
MIMAT0002867,0.998772697
MIMAT0007401,0.998772697
MIMAT0007400,3.214822402
MIMAT0005950,0.998772697
MIMAT0005949,0.998772697
MIMAT0005931,0.998772697
MIMAT0005930,0.998772697
MIMAT0004700,0.998772697
MIMAT0004699,0.998772697
MIMAT0004682,0.998772697
MIMAT0004681,1.332579954
MIMAT0018002,11.64093576
MIMAT0018001,0.998772697
MIMAT0017986,0.998772697
MIMAT0017985,0.998772697
MIMAT0015075,6.343084763
MIMAT0016853,0.998772697
MIMAT0014983,0.998772697
MIMAT0016861,0.998772697
MIMAT0015072,4.489023834
MIMAT0015030,6.618998829
MIMAT0019014,6.359923604
MIMAT0019953,8.8853005
MIMAT0019875,0.998772697
MIMAT0010214,0.998772697
MIMAT0019698,0.998772697
MIMAT0018979,0.998772697
MIMAT0018951,0.998772697
MIMAT0019702,0.998772697
MIMAT0019935,3.397280409
MIMAT0019741,0.998772697
MIMAT0018945,6.057534879
MIMAT0019901,0.998772697
MIMAT0022484,0.998772697
MIMAT0022483,0.998772697
MIMAT0022304,0.998772697
MIMAT0022303,0.998772697
MIMAT0022288,0.998772697
MIMAT0022287,0.998772697
MIMAT0019080,0.998772697
MIMAT0019924,0.998772697
MIMAT0019929,0.998772697
MIMAT0019025,0.998772697
MIMAT0027358,0.998772697
MIMAT0027357,0.998772697
MIMAT0026921,0.998772697
MIMAT0026917,0.998772697
MIMAT0026722,0.998772697
MIMAT0026721,0.998772697
MIMAT0026623,0.998772697
MIMAT0026622,8.958527815
MIMAT0022500,0.998772697
MIMAT0022499,0.998772697
MIMAT0031893,0.998772697
MIMAT0032110,0.998772697
MIMAT0027614,0.998772697
MIMAT0027613,0.998772697
MIMAT0027598,4.973138183
MIMAT0027597,0.998772697
MIMAT0027582,0.998772697
MIMAT0027581,0.998772697
MIMAT0027566,0.998772697
MIMAT0027565,4.253911578
MIMAT0003316,5.163602812
MIMAT0003315,0.998772697
MIMAT0001412,0.998772697
MIMAT0001343,5.029186912
MIMAT0000760,4.944450155
MIMAT0000759,5.203126687
MIMAT0000731,5.320481125
MIMAT0000730,0.998772697
MIMAT0000714,5.963538888
MIMAT0000710, MIMAT0022834,6.668815201
MIMAT0004987,5.943125877
MIMAT0004986,0.998772697
MIMAT0004970,8.358983714
MIMAT0004960,0.998772697
MIMAT0004488,0.998772697
MIMAT0004487,0.998772697
MIMAT0003883,4.021844374
MIMAT0003882,3.710563822
MIMAT0003332,0.998772697
MIMAT0003331,5.482301841
MIMAT0010133,7.117258782
MIMAT0009977,0.998772697
MIMAT0010364,3.802329366
MIMAT0010357,0.998772697
MIMAT0015052,3.628804166
MIMAT0000276,3.243469515
MIMAT0005825,5.137407391
MIMAT0005824,4.432702258
MIMAT0005592,4.882711634
MIMAT0005591,6.331710978
MIMAT0019827,6.181577602
MIMAT0019868,11.13343919
MIMAT0019042,4.430788033
MIMAT0019054,0.998772697
MIMAT0019079,0.998772697
MIMAT0018944,8.323822155
MIMAT0018353,0.998772697
MIMAT0018352,8.499382174
MIMAT0016891,0.998772697
MIMAT0002813,4.012678864
MIMAT0019059,4.49378408
MIMAT0019210,0.998772697
MIMAT0019876,0.998772697
MIMAT0019906,0.998772697
MIMAT0014986,4.684332224
MIMAT0019697,0.998772697
MIMAT0018976,12.52079414
MIMAT0019015,1.91545952
MIMAT0019870,4.276316388
MIMAT0019807,8.292009403
MIMAT0019061,6.015382893
MIMAT0019972,0.998772697
MIMAT0025463,5.964200765
MIMAT0025462,0.998772697
MIMAT0024617,2.995199409
MIMAT0024616,9.208495982
MIMAT0023710,10.419771
MIMAT0023709,0.998772697
MIMAT0021033,6.318905504
MIMAT0021030,0.998772697
MIMAT0020958,0.998772697
MIMAT0020957,3.51768168
MIMAT0027498,9.202279547
MIMAT0027497,6.332052763
MIMAT0027482,10.0315929
MIMAT0027481,5.139362007
MIMAT0027466,0.998772697
MIMAT0027465,4.151200331
MIMAT0027450,8.840800426
MIMAT0027449,0.998772697
MIMAT0025479,0.998772697
MIMAT0025478,8.39061159
MIMAT0030423,0.998772697
MIMAT0030422,7.499357836
MIMAT0030018,0.998772697
MIMAT0030017,0.998772697
MIMAT0028223,0.998772697
MIMAT0028222,0.998772697
MIMAT0028123,2.052165592
MIMAT0028122,5.674006297
MIMAT0003251,2.927520109
MIMAT0003250,0.998772697
MIMAT0000680,3.698121103
MIMAT0000646,5.850683861
MIMAT0000449,5.751199911
MIMAT0000448,3.873173286
MIMAT0000433,4.97479395
MIMAT0000431,6.738332043
MIMAT0000416,2.931134399
MIMAT0000415,5.247350416
MIMAT0004807,2.672037387
MIMAT0004806, MIMAT0022738, MIMAT0022740,3.149155275
MIMAT0004785,0.998772697
MIMAT0004784,2.934739656
MIMAT0003300,5.014986851
MIMAT0003299,0.998772697
MIMAT0003284,0.998772697
MIMAT0003283,5.124326685
MIMAT0003268,0.998772697
MIMAT0003267,0.998772697
MIMAT0015067,0.998772697
MIMAT0016848,0.998772697
MIMAT0015061,0.998772697
MIMAT0000253,4.366769215
MIMAT0015084,0.998772697
MIMAT0015042,3.513133598
MIMAT0004945,8.807781294
MIMAT0004929,0.998772697
MIMAT0004912,0.998772697
MIMAT0004911,6.181198238
MIMAT0018195,3.109010643
MIMAT0018194,0.998772697
MIMAT0018178,8.544624067
MIMAT0018165,6.013726236
MIMAT0018109,4.255353914
MIMAT0018108,0.998772697
MIMAT0018090,3.201414525
MIMAT0018089,6.324979066
MIMAT0015050,5.750944042
MIMAT0016926,3.958977635
MIMAT0019056,5.97776612
MIMAT0019928,5.890143032
MIMAT0019844,9.089364991
MIMAT0019033,5.867425637
MIMAT0019963,3.204404493
MIMAT0019719,4.512310816
MIMAT0018968,7.611328153
MIMAT0019964,5.002460827
MIMAT0019211,7.384514415
MIMAT0019927,0.998772697
MIMAT0019823,0.998772697
MIMAT0019910,0.998772697
MIMAT0022945,5.81923634
MIMAT0022943,12.45992281
MIMAT0004552,4.575386134
MIMAT0000250,0.998772697
MIMAT0022725,0.998772697
MIMAT0022724,1.556398446
MIMAT0019934,0.998772697
MIMAT0019974,0.998772697
MIMAT0019720,5.582342024
MIMAT0019710,6.213738117
MIMAT0027434,0.998772697
MIMAT0027433,6.696124937
MIMAT0027418,4.252467799
MIMAT0027417,3.66755559
MIMAT0027402,3.991618154
MIMAT0027401,2.889913818
MIMAT0027386,0.998772697
MIMAT0027385,6.118660656
MIMAT0023694,5.841759321
MIMAT0023693,2.801700002
MIMAT0027690,7.200572282
MIMAT0027689,0.998772697
MIMAT0027674,8.275858222
MIMAT0027673,0.998772697
MIMAT0027658,9.536636632
MIMAT0027657,4.176938357
MIMAT0027642,6.849950918
MIMAT0027641,0.998772697
MIMAT0003312,3.934412535
MIMAT0003311,0.998772697
MIMAT0001339,5.973497247
MIMAT0001080,0.998772697
MIMAT0000756,5.37546767
MIMAT0000755,3.048241414
MIMAT0000727,3.772907169
MIMAT0000726,0.998772697
MIMAT0000703,0.998772697
MIMAT0000693,4.144382499
MIMAT0004983,7.809904657
MIMAT0004982,7.826287975
MIMAT0004957,6.972604929
MIMAT0004956,0.998772697
MIMAT0004484,0.998772697
MIMAT0004482,5.110727523
MIMAT0003879,5.4006458
MIMAT0003393,0.998772697
MIMAT0003328,0.998772697
MIMAT0003327,2.433256815
MIMAT0009447,0.998772697
MIMAT0009978,0.998772697
MIMAT0010195,0.998772697
MIMAT0009979,4.554275376
MIMAT0015006,5.073148398
MIMAT0000241,0.998772697
MIMAT0005799,0.998772697
MIMAT0005798,0.998772697
MIMAT0005586,7.23123766
MIMAT0005584,5.099321929
MIMAT0019035,4.428871264
MIMAT0019841,3.402499882
MIMAT0018969,0.998772697
MIMAT0018989, MIMAT0022707,0.998772697
MIMAT0018446, MIMAT0022723,0.998772697
MIMAT0018445,0.998772697
MIMAT0018349,6.319250696
MIMAT0018206,0.998772697
MIMAT0016904,0.998772697
MIMAT0015026,7.007004651
MIMAT0019769,0.998772697
MIMAT0019887,7.50739142
MIMAT0015069,5.727725262
MIMAT0016887,0.998772697
MIMAT0020541,0.998772697
MIMAT0019778,9.633669708
MIMAT0019859,13.9498714
MIMAT0019038,0.998772697
MIMAT0018983,0.998772697
MIMAT0019957,7.843836965
MIMAT0019709,0.998772697
MIMAT0018941,0.998772697
MIMAT0025459,7.378769861
MIMAT0025458,0.998772697
MIMAT0024613,0.998772697
MIMAT0024612,5.323579341
MIMAT0023706,0.998772697
MIMAT0023705,5.550713463
MIMAT0021027,0.998772697
MIMAT0021026,0.998772697
MIMAT0019886,6.354463657
MIMAT0019688,6.707672136
MIMAT0027494,6.260778629
MIMAT0027493,6.157168098
MIMAT0027478,10.45052596
MIMAT0027477,0.998772697
MIMAT0027462,9.868549353
MIMAT0027461,0.998772697
MIMAT0027446,0.998772697
MIMAT0027445,0.998772697
MIMAT0025475,0.998772697
MIMAT0025474,5.442843045
MIMAT0030419,0.998772697
MIMAT0030418,0.998772697
MIMAT0028235,0.998772697
MIMAT0028234,0.998772697
MIMAT0028219,0.998772697
MIMAT0028218,5.77114798
MIMAT0028119,7.87199722
MIMAT0028118,0.998772697
MIMAT0003247,4.613894092
MIMAT0003246,5.522807842
MIMAT0000462,0.998772697
MIMAT0000461,0.998772697
MIMAT0000445,7.263661971
MIMAT0000444,0.998772697
MIMAT0000428,4.047475346
MIMAT0000427,6.014531391
MIMAT0000281,4.302028136
MIMAT0000280,4.430148947
MIMAT0004803,6.353827559
MIMAT0004802,0.998772697
MIMAT0004778,0.998772697
MIMAT0004777,4.305359405
MIMAT0003296,3.958977635
MIMAT0003295,2.53669243
MIMAT0003280,4.427592449
MIMAT0003279,0.998772697
MIMAT0003264,6.256190525
MIMAT0003263,6.098132502
MIMAT0014985,6.737945323
MIMAT0015028,7.613615543
MIMAT0016870,0.998772697
MIMAT0016895,4.366101124
MIMAT0015020,0.998772697
MIMAT0016865,5.796108688
MIMAT0004926,5.000312403
MIMAT0004925,5.944194761
MIMAT0004907,5.81923634
MIMAT0004903,4.361420019
MIMAT0018191,7.178646466
MIMAT0018190,0.998772697
MIMAT0018121,2.820880772
MIMAT0018120,0.998772697
MIMAT0018105,7.110541553
MIMAT0018104,7.237183647
MIMAT0018086,4.589917706
MIMAT0018085,12.61512887
MIMAT0016878,8.394998432
MIMAT0016905,0.998772697
MIMAT0018964,3.873173286
MIMAT0019721,8.541797671
MIMAT0019711,11.20268814
MIMAT0019699,8.227718291
MIMAT0019072,5.561041685
MIMAT0019834,0.998772697
MIMAT0018925,9.228282874
MIMAT0019691,9.240786988
MIMAT0019839,3.434349289
MIMAT0019947,9.643943611
MIMAT0019979,5.277687088
MIMAT0019742,0.998772697
MIMAT0022940,2.02536386
MIMAT0022939,5.700689589
MIMAT0022833,3.300575415
MIMAT0022742,9.327138298
MIMAT0022720,0.998772697
MIMAT0022719,0.998772697
MIMAT0019083,0.998772697
MIMAT0019731,0.998772697
MIMAT0019040,0.998772697
MIMAT0019970,0.998772697
MIMAT0027430,9.949218321
MIMAT0027429,0.998772697
MIMAT0027414,8.773090278
MIMAT0027413,0.998772697
MIMAT0027398,9.895760644
MIMAT0027397,0.998772697
MIMAT0027382,0.998772697
MIMAT0027381,0.998772697
MIMAT0022984,0.998772697
MIMAT0022979,1.513642313
MIMAT0027686,8.578621146
MIMAT0027685,0.998772697
MIMAT0027670,11.88916712
MIMAT0027669,0.998772697
MIMAT0027654,8.616878921
MIMAT0027653,0.998772697
MIMAT0027638,13.50671088
MIMAT0027637,0.998772697
MIMAT0003308,12.4591153
MIMAT0003307,5.045658777
MIMAT0000772,2.929326493
MIMAT0000771,0.998772697
MIMAT0000752,0.998772697
MIMAT0000751,3.098150387
MIMAT0000722,6.542293481
MIMAT0000721,0.998772697
MIMAT0000689,3.669720642
MIMAT0000688,2.52051948
MIMAT0004979,3.863011348
MIMAT0004978,5.073966007
MIMAT0004953,0.998772697
MIMAT0004952,7.524652002
MIMAT0004185,0.998772697
MIMAT0003948,0.998772697
MIMAT0003385,0.998772697
MIMAT0003340,0.998772697
MIMAT0003324,0.998772697
MIMAT0003323,3.86490226
MIMAT0015035,0.998772697
MIMAT0000690,7.383955815
MIMAT0009206,0.998772697
MIMAT0009196,0.998772697
MIMAT0016924,0.998772697
MIMAT0016857,0.998772697
MIMAT0005795,6.131443509
MIMAT0005794,0.998772697
MIMAT0005580,0.998772697
MIMAT0005577,0.998772697
MIMAT0019205,0.998772697
MIMAT0019975,0.998772697
MIMAT0019732,0.998772697
MIMAT0018948,3.199915645
MIMAT0018361,0.998772697
MIMAT0018360,0.998772697
MIMAT0018203,0.998772697
MIMAT0018202,4.268638446
MIMAT0011160,0.998772697
MIMAT0011159,0.998772697
MIMAT0019776,9.783920884
MIMAT0019032,12.43483172
MIMAT0019889,5.850683861
MIMAT0019077,0.998772697
MIMAT0019814,0.998772697
MIMAT0015031,0.998772697
MIMAT0018996,0.998772697
MIMAT0019055,2.189169478
MIMAT0019006,4.478247094
MIMAT0019034,8.174996371
MIMAT0018946,0.998772697
MIMAT0019933,4.612769262
MIMAT0025455,2.813497423
MIMAT0025454,4.701109421
MIMAT0024599,11.18920796
MIMAT0024598,11.80739595
MIMAT0023702,0.998772697
MIMAT0023701,7.522293959
MIMAT0021023,0.998772697
MIMAT0021022,0.998772697
MIMAT0002835,0.998772697
MIMAT0000453,5.029607982
MIMAT0027490,7.119984486
MIMAT0027489,0.998772697
MIMAT0027474,10.48970086
MIMAT0027473,4.123592952
MIMAT0027458,7.209518158
MIMAT0027457,0.998772697
MIMAT0027442,8.421257634
MIMAT0027441,0.998772697
MIMAT0025471,0.998772697
MIMAT0025470,0.998772697
MIMAT0030415,0.998772697
MIMAT0030414,6.315363962
MIMAT0028231,0.998772697
MIMAT0028230,4.046643454
MIMAT0028215,0.998772697
MIMAT0028214,0.998772697
MIMAT0028115,7.757703625
MIMAT0028114,5.410232502
MIMAT0003243,4.413117311
MIMAT0003242,0.998772697
MIMAT0000458,0.998772697
MIMAT0000457,0.998772697
MIMAT0000441,0.998772697
MIMAT0000440,7.13388919
MIMAT0000424,5.124326685
MIMAT0000423,0.998772697
MIMAT0000275,3.163058578
MIMAT0000274,0.998772697
MIMAT0004799,0.998772697
MIMAT0004798,0.998772697
MIMAT0004774,0.998772697
MIMAT0004773,0.998772697
MIMAT0003292,0.998772697
MIMAT0003291,0.998772697
MIMAT0003276,0.998772697
MIMAT0003275,0.998772697
MIMAT0003259,0.998772697
MIMAT0003258,0.998772697
MIMAT0014982,0.998772697
MIMAT0015013,0.998772697
MIMAT0014977,0.998772697
MIMAT0015015,0.998772697
MIMAT0015070,5.504181272
MIMAT0016923,0.998772697
MIMAT0004922,0.998772697
MIMAT0004921,0.998772697
MIMAT0004819,6.359756167
MIMAT0004814,0.998772697
MIMAT0018187,0.998772697
MIMAT0018186,0.998772697
MIMAT0018117, MIMAT0018180, MIMAT0019009,0.998772697
MIMAT0018116,0.998772697
MIMAT0018101,0.998772697
MIMAT0018099,5.609693882
MIMAT0018082,2.752469217
MIMAT0018081,0.998772697
MIMAT0015377,0.998772697
MIMAT0015079,8.661691498
MIMAT0019797,0.998772697
MIMAT0019960,0.998772697
MIMAT0018998,0.998772697
MIMAT0019775,9.102812636
MIMAT0019885,8.440348675
MIMAT0019214,0.998772697
MIMAT0019912,0.998772697
MIMAT0013518,0.998772697
MIMAT0019069,9.408575697
MIMAT0019012,0.998772697
MIMAT0019049,0.998772697
MIMAT0019941,3.442956046
MIMAT0022928,0.998772697
MIMAT0022925,0.998772697
MIMAT0022736,0.998772697
MIMAT0022735,0.998772697
MIMAT0022713,2.929326493
MIMAT0022712,0.998772697
MIMAT0019754,0.998772697
MIMAT0019931,1.508807957
MIMAT0019802,0.998772697
MIMAT0019855,8.723601897
MIMAT0027426,6.924629619
MIMAT0027425,0.998772697
MIMAT0027410,0.998772697
MIMAT0027409,0.998772697
MIMAT0027394,5.341619323
MIMAT0027393,0.998772697
MIMAT0027378,0.998772697
MIMAT0027377,7.468678937
MIMAT0022975,0.998772697
MIMAT0022970,0.998772697
MIMAT0027682,5.431629576
MIMAT0027681,0.998772697
MIMAT0027666,0.998772697
MIMAT0027665,0.998772697
MIMAT0027650,7.706230744
MIMAT0027649,0.998772697
MIMAT0027634,0.998772697
MIMAT0027633,0.998772697
MIMAT0003304,0.998772697
MIMAT0003303,2.052165592
MIMAT0000764,0.998772697
MIMAT0000763,0.998772697
MIMAT0000737,0.998772697
MIMAT0000736,4.6303933
MIMAT0000718,0.998772697
MIMAT0000717,0.998772697
MIMAT0000684,0.998772697
MIMAT0000683,0.998772697
MIMAT0004975,0.998772697
MIMAT0004974,0.998772697
MIMAT0004949,0.998772697
MIMAT0004948,5.237425444
MIMAT0003887,4.017600013
MIMAT0003886,0.998772697
MIMAT0003337,0.998772697
MIMAT0003336,6.666036841
MIMAT0003320,5.943125877
MIMAT0003319,0.998772697
MIMAT0016892,0.998772697
MIMAT0016915,0.998772697
MIMAT0005911,7.609052783
MIMAT0004284,6.575366636
MIMAT0015071,0.998772697
MIMAT0016876,0.998772697
MIMAT0005791,0.998772697
MIMAT0005789,0.998772697
MIMAT0005572,7.333706945
MIMAT0005459,5.986758587
MIMAT0019024,0.998772697
MIMAT0019016,0.998772697
MIMAT0018972,0.998772697
MIMAT0018928,0.998772697
MIMAT0018357,0.998772697
MIMAT0018356,0.998772697
MIMAT0018199,0.998772697
MIMAT0018198,0.998772697
MIMAT0011156,0.998772697
MIMAT0016873,3.306153132
MIMAT0019004,0.998772697
MIMAT0019000,0.998772697
MIMAT0019984,0.998772697
MIMAT0019057,0.998772697
MIMAT0016874,0.998772697
MIMAT0019944,0.998772697
MIMAT0019045,13.37323629
MIMAT0018947,0.998772697
MIMAT0019081,0.998772697
MIMAT0019758,0.998772697
MIMAT0019044,0.998772697
MIMAT0019739,9.276327849
MIMAT0025451,0.998772697
MIMAT0025450,0.998772697
MIMAT0023714,13.05680585
MIMAT0023713,11.61252805
MIMAT0023698,0.998772697
MIMAT0023697,0.998772697
MIMAT0021019,0.998772697
MIMAT0021018,0.998772697
MIMAT0019734,0.998772697
MIMAT0019727,0.998772697
MIMAT0027486,0.998772697
MIMAT0027485,0.998772697
MIMAT0027470,7.703638093
MIMAT0027469,3.76909539
MIMAT0027454,7.421905672
MIMAT0027453,0.998772697
MIMAT0027438,7.539600114
MIMAT0027437,0.998772697
MIMAT0025467,0.998772697
MIMAT0025466,0.998772697
MIMAT0030411,0.998772697
MIMAT0030021,0.998772697
MIMAT0028227,0.998772697
MIMAT0028226,0.998772697
MIMAT0028211,7.668452115
MIMAT0028126,0.998772697
MIMAT0028111,6.318905504
MIMAT0028110,0.998772697
MIMAT0003239,0.998772697
MIMAT0003238,0.998772697
MIMAT0000454,4.495006851
MIMAT0000452,3.510720121
MIMAT0000437,7.258294056
MIMAT0000436,6.522753758
MIMAT0000420,3.55507335
MIMAT0000419,3.24895361
MIMAT0000271,4.29643295
MIMAT0000269,0.998772697
MIMAT0004795,0.998772697
MIMAT0004794,5.329929347
MIMAT0004768,0.998772697
MIMAT0004767,0.998772697
MIMAT0003288,0.998772697
MIMAT0003287,0.998772697
MIMAT0003272,0.998772697
MIMAT0003271,2.740155546
MIMAT0003255,0.998772697
MIMAT0003254,0.998772697
MIMAT0016898,0.998772697
MIMAT0016845,0.998772697
MIMAT0015012,0.998772697
MIMAT0015039,0.998772697
MIMAT0014998,0.998772697
MIMAT0015034,0.998772697
MIMAT0004918,0.998772697
MIMAT0004917,0.998772697
MIMAT0004811,0.998772697
MIMAT0004810,7.107598311
MIMAT0018183,0.998772697
MIMAT0018182,0.998772697
MIMAT0018113,0.998772697
MIMAT0018112,0.998772697
MIMAT0018095,0.998772697
MIMAT0018094,0.998772697
MIMAT0018078,0.998772697
MIMAT0018077,0.998772697
MIMAT0016846,0.998772697
MIMAT0016880,6.566271143
MIMAT0019890,0.998772697
MIMAT0018943,5.883741989
MIMAT0019879,0.998772697
MIMAT0019203,0.998772697
MIMAT0019701,0.998772697
MIMAT0019816,0.998772697
MIMAT0019216,0.998772697
MIMAT0019833,0.998772697
MIMAT0019782,0.998772697
MIMAT0019900,7.313554314
MIMAT0019730,0.998772697
MIMAT0019788,8.509269106
MIMAT0022862,0.998772697
MIMAT0022861,0.998772697
MIMAT0022731,0.998772697
MIMAT0022728,0.998772697
MIMAT0022709,2.525309808
MIMAT0022708,0.998772697
MIMAT0019770,0.998772697
MIMAT0019749,0.998772697
MIMAT0019737,6.547088322
MIMAT0019838,8.63311239
MIMAT0027422,0.998772697
MIMAT0027421,0.998772697
MIMAT0027406,3.149155275
MIMAT0027405,2.269286689
MIMAT0027390,0.998772697
MIMAT0027389,0.998772697
MIMAT0027374,3.259055847
MIMAT0027373,0.998772697
MIMAT0022965,0.998772697
MIMAT0022948,5.12314178
MIMAT0027678,5.867661167
MIMAT0027677,0.998772697
MIMAT0027662,0.998772697
MIMAT0027661,0.998772697
MIMAT0027646,0.998772697
MIMAT0027645,5.725182976
MIMAT0027630,0.998772697
MIMAT0027629,0.998772697
